f3c2e0db-acef-46a4-b3c2-1fa0c0549a7e;"57.139898,65.590805"
ad7bf930-8bb4-4430-9fc3-e383f6951188;"57.14297,65.58528"
5ce11430-c997-4613-ad19-91e54f7e61e6;"57.151208,65.571644"
5d2537fb-a55d-4ce5-b440-4590da6c1073;"57.144049,65.583259"
8c3800b4-a754-4387-9750-b5e7b5b61539;"57.137173,65.59535"
374e75a8-dcfa-4f99-a89d-d8ded88e18f5;"57.151623,65.568572"
56a33c29-c8e2-4945-bc9b-77b7ca1d8a14;"57.147155,65.577222"
740c1ed2-ec90-498d-bffd-700b5925c287;"57.151217,65.569335"
9b8c7c93-c66e-4af5-8100-66252970af82;"57.129387,65.573494"
8fe6dc6c-9002-4b89-a9f9-ce5abe0c1618;"57.151989,65.570198"
d0167241-f340-415d-b264-3e3f807766be;"57.137871,65.550237"
eb45cc5e-b5f9-407c-9b78-2cc29b0f2666;"57.131473,65.568787"
aa31582c-e3b3-42d9-a73e-ea8ecbb7c549;"57.117377,65.501701"
f0cf8c38-1da3-45c9-9866-28eec6d8a04a;"57.183768,65.581992"
8df679b2-d995-4ce5-96dc-cbb876f87d56;"57.147287,65.581606"
1d7b0924-e6f9-4337-80e4-63406609bfa0;"57.13816,65.553516"
aaf05e59-96bd-46ed-a4a0-7bcd53203d11;"57.141681,65.587742"
d9ff0d1a-ad05-429d-850c-8f91165f4211;"57.153336,65.567727"
b0ebb0ec-3b30-499b-b02d-a111a4213ae0;"57.157452,65.463397"
faecb50a-557f-41c2-9853-e502403f7c86;"57.118178,65.502348"
91c4cf64-a3d8-40b9-936f-e968d586baba;"56.960785,65.788596"
863b46b9-d452-4c03-9483-fe25ff92f660;"57.157774,65.472479"
5fae3bb5-9ab3-4f1e-9384-211069f642fb;"57.141031,65.543338"
156b9974-7a15-43fd-b9d9-2f9c935492ea;"57.138262,65.549123"
ab3c7f01-53e1-40fd-b8cd-3706bc9d7cfb;"57.160195,65.54623"
1d006103-3419-491c-9211-206ba6747e5e;"57.146418,65.580968"
4f21188c-2ba8-4d07-ab6c-fbc81122ae12;"57.150983,65.572955"
520206c1-714f-4263-887d-29e953d2d943;"57.140323,65.58882"
9c776d99-b34d-4503-a89d-96f43a08db6e;"57.141505,65.54517"
62a84ca6-a48d-4139-a550-1f011bece3a5;"57.137989,65.592673"
a47da25b-38d5-4c15-9894-d261b3b65394;"57.141549,65.543356"
2fe6d7c4-b4d5-45c3-b0f7-c7049b8e0b68;"57.148747,65.578399"
708a746c-9125-4adb-89b3-be810defa597;"57.147633,65.57857"
9b2560b7-50f2-4b0c-aec4-612d40df85da;"57.148224,65.577465"
a491570c-8306-4c6c-ae51-27c8a7abeb24;"57.139605,65.593931"
7a33c7bd-6709-4249-94ce-feb52832d5e4;"57.14757,65.581022"
50b72d95-1a3b-4af8-859b-01b9df4ec5fe;"57.134858,65.600417"
ae89afbc-fa97-48e7-a8d7-9ff08dc71271;"57.142047,65.542305"
0f211bba-df6a-4276-b365-79f3a2f557e0;"57.157793,65.463109"
f102c11a-8ce1-47ab-8604-7afe3e20bdab;"57.146252,65.577546"
af92cdd2-d2a7-4344-bd81-8b9bfa5177a4;"57.140494,65.592197"
7293f045-3e37-4334-9ccc-e06f2612a86f;"57.139928,65.58952"
5111bc94-0941-4bb9-9778-042446ec98e4;"57.154854,65.545072"
5321d2aa-3c5c-405d-aa78-c631016493cc;"57.147008,65.579774"
c4d57223-4775-4834-975f-8a145f645a3a;"57.138008,65.552456"
a836a71f-d319-47c9-801f-a978b05580b9;"56.96102,65.789144"
7aea8e03-a7df-4a48-bb50-2b827c5c523f;"57.138125,65.594335"
b7dea900-1d94-4938-8761-6be656a9a888;"57.118203,65.504171"
ead1632a-26b3-42b7-aa57-9ff89703e156;"57.116908,65.50312"
c26a458b-624a-4beb-9033-a251894bd845;"57.162738,65.481794"
d38214df-27a4-416f-85bb-92cfeb3489c1;"57.117387,65.503596"
429e68f0-6852-47ca-aec3-39421fe49a3d;"57.147428,65.576378"
184a9401-83f9-4a9c-8dd4-488cdedffaf3;"57.115891,65.502474"
5c4a6274-fae9-41d8-928e-5ef069aad8c6;"57.098313,65.624321"
fcc02d6a-3810-4fc4-928f-ee97f9a4c1b1;"57.140812,65.543877"
8604bc19-f87d-4904-8d8a-5c966fe5eb8c;"57.148444,65.57742"
36cb5580-31f5-454e-9ae6-c3bf74f5c6e8;"57.099971,65.626585"
71b4a3b4-d4a7-4985-92be-d01048403a6b;"57.108951,65.570278"
6e70f1ec-90a8-440a-86b4-a25db77badcd;"57.182007,65.35895"
6542fc59-1a78-452c-b5a9-65cf20e377cc;"57.108716,65.5715"
e7ef8e8c-f275-44ac-8a70-4fade67d308a;"57.105603,65.725408"
98c998cd-2250-4330-a9d4-ee6ce71acbce;"57.105744,65.723091"
b703a016-ad8c-4189-9311-43ee7856bd08;"57.162752,65.480519"
fb16b6e2-666e-4516-8994-a7d7063c89d6;"57.116575,65.498656"
af26b316-4980-481b-84fa-52396bf7789e;"57.107123,65.722183"
6fe13e0c-0cf8-44fc-9af3-b18de241faf0;"57.106375,65.723028"
2d5e3a7e-83e0-4fec-8baa-014455989784;"57.126211,65.518077"
ea284b1b-7b6f-4ead-b9b6-dbe6c2a0a9e7;"57.107167,65.724124"
61868855-6e37-48a7-a862-ea056142e308;"57.16058,65.530205"
6493edbd-4c72-44d6-8b30-b3e2e132500f;"57.186583,65.586466"
baea43c5-31a2-46e3-bead-f4efc4c03c1f;"57.187617,65.58979"
eb307db7-b5b8-457e-ba7d-043d1ce6b6d6;"57.115847,65.500893"
8a1ed445-0ab1-4bdf-b23d-84a7f1351c9d;"57.115007,65.501782"
2b5505d6-3ab8-42e2-b212-e7fb211d8e19;"57.115061,65.500246"
9eb502de-2a01-4ecb-b71b-b7b4a0ca3fc7;"57.114523,65.501485"
18d83db8-da23-4815-9e38-f9ac211ef2cc;"57.138619,65.503507"
fd837da7-41fe-42c3-b77e-0266dddd5f64;"57.122425370832424,65.49073204662703"
ebcaee2c-0d85-4048-9ad7-5733ea6f564b;"57.123588,65.489187"
e88bf963-311a-470d-8abc-b4aada53e0e9;"57.121232,65.487292"
13e6b0f0-5b70-40f5-bdce-5346f7bcec55;"57.122684,65.494173"
76699d0e-c46f-4766-a675-108ce81f63ff;"57.176519,65.649752"
36e6c032-3d04-4a6a-8dbf-58599bbbfa85;"57.176743,65.651324"
b7c3e094-40de-4dcd-b466-223540569c36;"57.100836,65.594829"
792be546-ad12-4dd4-9b42-f7bb0568fd24;"57.100279,65.595907"
cf25f810-ae58-407f-8a37-dc79b97eed68;"57.101423,65.593536"
8dc06ecc-0969-4469-ab4b-25427f4a4ae7;"57.100797,65.593581"
7e0adcd4-b821-4bec-aeee-f895d2aac7ff;"57.100225,65.594856"
20771c50-183a-4b40-9982-457eebd34421;"57.098318,65.594937"
1266ede7-8dc6-475b-9f94-1a7e4a5fafe8;"57.097922,65.595997"
f72cd893-1a1b-4fcf-af8e-6c38f90e41b2;"57.097751,65.594218"
fa2472be-5791-4c90-a48b-77280b1c85af;"57.09958,65.595009"
3194b2ac-abed-404f-b9ba-edb4e38605da;"57.09735,65.595278"
82259b24-c69f-43a9-84fd-5303b78747f8;"57.099506,65.593886"
75d70ab6-ecbd-40fb-8a47-6052d3c064e3;"57.100113,65.592557"
a3d0e32b-0cf4-421f-92be-a733f6961c2f;"57.098915,65.593913"
f135b511-ae2f-4204-8e38-3649cf9ad29c;"57.114093,65.565607"
77cf8eb2-e643-4545-a22b-53f9783cd77d;"57.097272,65.622902"
93ff8050-5004-41eb-882e-058003718535;"57.097727,65.623827"
1bde19e4-909a-45f0-83f5-136437e5c191;"57.125312,65.563505"
c783a3b8-7177-4a4d-ba11-df5a7c3f2ac1;"57.125757,65.562283"
d45d5770-76d1-4fea-b5a5-344ea90caea3;"57.124154,65.563873"
b04ed5f4-4d01-4e2b-99c6-dd48767a1050;"57.125004,65.56152"
f64bd8fb-321c-42ca-8515-9b67b18cf700;"57.124721,65.562265"
4d071b04-6ec0-4cc5-a8c9-e900ecc03bd7;"57.110056,65.576333"
e8047977-43a8-47d0-a786-8a2d67fd0696;"57.109679,65.577321"
63c0d056-6e3d-4010-b8ff-fc2508ff6b17;"57.114205,65.55339"
9d242730-2195-463f-b945-b7778ef5067a;"57.148952,65.532477"
28c988b0-a9f4-42e9-88b3-5b971825d020;"57.180724,65.579441"
4e98ae75-c51a-4504-8f08-62499f64ec9b;"57.181592,65.580124"
5b2cf524-38a9-4c18-aa6a-27f857f328c1;"57.179104,65.554091"
19f40070-b51b-4c78-9bff-1dd117ee7026;"57.148376,65.498656"
a559edbd-7c08-44e1-ac0e-390da9177d5a;"57.147882,65.498359"
ffb4f542-2e71-4045-ae90-deebe62c2e0e;"57.186495,65.62177"
24831886-be76-433a-993f-8c861539184a;"57.185075,65.624141"
a5b5b298-4c55-4535-987e-733c163de278;"57.184641,65.623944"
f2696c69-3abc-4b70-a839-13f9dced77b6;"57.107734,65.574824"
b4bf0288-f500-4acc-bee0-ea7aa2aeabe7;"57.155089,65.582828"
9f430828-4940-424e-97fe-06b83ec552af;"57.107842,65.572785"
da30a316-de7e-45d0-b618-4a6a55cd5ae1;"57.184119,65.562283"
5585f4dc-6ca2-4f3d-af13-e6796363e1c3;"57.187007,65.619964"
c4c25dc1-5bf8-4f74-b897-a8a90d9cd100;"57.109533,65.569919"
f7b31148-67a2-4440-a0a5-5162440c978f;"57.005524,65.402392"
e3a81265-ab64-42f2-a121-b43ddd9c05eb;"57.145461,65.510028"
b3de3a2f-ac10-4061-b06c-c7ad96c5dfdc;"57.157056,65.543967"
7ed166de-1ee6-4dfb-ad13-bdf3f18c35ed;"57.209413,65.597785"
044a7703-bf15-4e8c-9913-7d8ee933f2ca;"57.153248,65.576809"
d178e371-1cb1-4a2d-94c1-6398a2050673;"57.135048,65.571105"
343c0f6f-cfd0-4d9e-b70e-8585cbfe61a3;"57.184217,65.580205"
9a7de821-93e2-4fd2-b955-1916dad3770d;"57.145446,65.565131"
e830fe2b-4c75-401b-8f95-acc103d21fcd;"57.186197,65.619686"
1674768e-4c74-4bdf-bbb6-a1ac4e338bb4;"57.184456,65.564152"
d206a5a8-e631-4678-b500-58c18a34b597;"57.169824,65.452105"
5aefe1b2-a911-4c2a-a006-d437178d67b2;"57.168726,65.450147"
16de756b-0ead-4189-b3a4-96148698a979;"57.169512,65.451988"
258113a0-84f8-4dc0-8f74-fb0aea167602;"57.169922,65.451692"
0c8c99bb-44a7-403c-a7aa-23af08de2b0a;"57.170014,65.451288"
ba8db7b3-b518-42df-b775-4ab413da2dd3;"57.168345,65.451844"
eac74d02-0a41-4273-81ca-655d5b5b47f0;"57.156055,65.536412"
b59a70e8-b3fc-496b-89c5-c7242e89254d;"57.187841,65.588604"
4b496d73-b8fb-499f-ae7e-56f267e24c6f;"57.186417,65.622785"
e2ac64ec-8953-4b79-9536-2defca300625;"57.156387,65.538191"
de01ba8a-e536-40ac-987a-d52762259087;"57.151271,65.648926"
203a2dd4-650f-48ac-8f5b-871615aba435;"57.154005,65.580214"
99d01591-27ff-40b1-b304-ff9f38bd720c;"57.149997,65.570997"
f4cd9560-e800-465d-bf58-b9bd4f2c668f;"57.108296,65.573225"
06658ae9-5ebf-4824-99ba-a68d81b68b5d;"57.145089,65.564799"
c3f305fe-09fc-4815-b225-dd164754952a;"57.182266,65.580717"
a9329233-8356-4c76-9b34-fc38ae804905;"57.18468,65.561924"
3c7acaad-42a7-46c1-9b2c-a453f6de3753;"57.112636,65.558115"
ca85a619-be0b-42dd-bd39-495b7be818d8;"57.151071,65.574402"
9bfd7731-44d0-49b3-a28a-92fcc61c4395;"57.191738,65.580268"
d75b3365-c040-42ad-aa26-5c51d8fccf2a;"57.187163,65.588218"
ecf3d2b9-c992-47c5-b5a7-8854f43bbc07;"57.12625,65.544317"
35289f0a-f618-4a13-b619-79447d486e39;"57.124975,65.544829"
c2d9c150-d651-4329-a74f-af9678a65e8b;"57.183822,65.563343"
7f86bc42-bf2a-4f4b-86a4-9efa77906eb5;"57.154942,65.528031"
e9914080-978f-4c09-add3-16f4cd895db4;"57.184983,65.620548"
11dc655b-0606-42c6-ac38-f82be9669b4e;"57.157578,65.544048"
5b04121b-068b-41a9-aafa-5710d1df4013;"57.184188,65.621967"
56c747da-c624-41a7-ac96-b1f5935e30da;"57.125679,65.544569"
ce63a993-6e47-4fe9-9cf0-efc496253cff;"57.154283,65.653022"
4f29a2b0-2c9a-4e8a-903e-603df1e6a28d;"57.168907,65.451216"
e5e7b21a-5217-4be9-b2ea-efa0156e6786;"57.169414,65.452339"
a2bea97b-02c2-44e4-84d2-903371f91635;"57.168458,65.451485"
5321237d-d4fb-40de-9702-2fccc37be4cc;"57.168233,65.450793"
b59c2eb4-169e-40a2-b043-63e867f10643;"57.168541,65.449455"
a67a1a3c-4e88-4942-bda7-d1d814c53ca5;"57.169214,65.449886"
73bf307f-9a1e-40ae-af28-7b62213a3e40;"57.169146,65.451737"
2832ba4f-74be-48d2-9aed-6e639c79cf22;"57.142047,65.558555"
1e0ffd13-b17a-47d0-a487-258178c021f4;"57.169312,65.450991"
313d0f93-c842-4f46-83c4-584a45e355de;"57.169224,65.45135"
02b76a9b-ac55-439e-8788-cd79e523822c;"57.169487,65.450228"
2c693dd3-67d1-40ca-84a2-f591ebb5a78a;"57.168233,65.452267"
60d0d5f1-7d5a-4c15-86b0-be4851f36c6b;"57.168829,65.449698"
6f4528a5-5dba-43ad-81dd-4870bcb46786;"57.168028,65.451683"
48e0f104-0773-4717-a1e7-34cdb97d6465;"57.169726,65.452509"
a8054f7a-6813-42f9-bdb5-3fabff830230;"57.168921,65.449293"
fb74e3bf-71a0-4b21-855c-5b3095630539;"57.169614,65.451539"
a9cf895e-18ad-4d94-b0ce-040349830d67;"57.169814,65.450677"
6d599073-8f63-4369-a573-302b0455918c;"57.169116,65.450335"
8773ea21-cbdf-48be-b5dd-6545e2efe74a;"57.168438,65.449904"
96c5384d-e7b6-45af-97a4-e887fb5112c6;"57.16896,65.452536"
fc799772-c6e5-4c73-89aa-7f8f3c87a662;"57.169048,65.452105"
1d136f59-8e67-4a20-9311-ab64dff01b24;"57.168131,65.451243"
3cced148-d678-4c6a-9be8-974b1913344b;"57.147375,65.458232"
bd41e6b5-f33c-4b09-a319-9ec028742817;"57.168336,65.450344"
24e3baf1-6adc-4fc0-a3e5-d4ba3c94762e;"57.168643,65.449006"
907ca2b1-c864-4df6-a0ae-715136dffd07;"57.168604,65.452482"
550e5c36-5847-40ed-b6af-4815a600d22c;"57.167921,65.452141"
a9e02b3e-a54b-4e84-b69b-e5e6716027c9;"57.141925,65.544973"
3b393cba-d8b5-4e48-bd12-567b9e40e5ce;"57.147424,65.49809"
c539d9be-5191-4fe4-a1dd-03cf6ed664bc;"57.142443,65.556732"
a048fcda-d24b-4c6a-a87b-95b6c60749c6;"57.141529,65.557594"
1cb59512-b664-4c0c-81cf-8227f5eba31c;"57.168804,65.451665"
6fbd6bd6-7a32-42ae-9c91-ebffdc2dd631;"57.169653,65.443858"
2a47037a-e2a2-4bcd-9e3b-3d1a453fb8e9;"57.168624,65.450587"
3cb84fbc-d9d0-427a-b4d5-290b0dbce12a;"57.1694,65.450605"
0ff6131b-e218-4d68-8c58-67c98c4359fc;"57.092989,65.643114"
f52bd60f-c52e-4c95-9bf7-21db03a9ab24;"57.154054,65.569093"
bf664fdf-70b1-492e-9b26-87552ec840a6;"57.154342,65.569883"
f2e93cea-62da-45fc-84e0-75bbb503efe9;"57.152892,65.571779"
ad97b030-439b-4289-afa6-02e967ae57be;"57.152267,65.573054"
e0aaa198-0062-43ca-ad33-d90b96b011da;"57.152565,65.573656"
0dd85a1c-1416-4d90-8b6a-798361855523;"57.151242,65.508986"
7d924e63-0af2-4082-b574-b1744ff3deeb;"57.1507,65.508932"
d0af7e2b-1834-46d4-8571-18b57f43fd3b;"57.150719,65.64845"
5e11dca0-e9f4-48a3-ad63-2f6f50e8458f;"57.146589,65.457962"
26cd72c6-9be8-481b-9807-eb7dae774bb0;"57.141691,65.520287"
52d56835-0918-49a3-a588-472b9032728f;"57.145871,65.457737"
6d5d6e61-0046-4d51-878d-6724821626b0;"57.14818,65.497021"
5de379d9-45a4-4692-9582-db6aeba050d5;"57.186036,65.616685"
fcb882e6-6307-4779-bfb4-14ebcb3a3fe7;"57.169009,65.450775"
2bce2f88-16a3-4ccb-a745-d8d8eb83ed33;"57.141109,65.569973"
af7f828e-b2da-4b37-9b15-51f70bafa6dc;"57.169717,65.45109"
5f45c7c3-da02-4e60-bf8e-138dc1291358;"57.141417,65.570485"
c20861f9-9e3f-4c00-8fa4-5ca1a0636009;"57.169643,65.448557"
80574e9e-db90-4d76-8844-8d560ed21079;"57.154103,65.651926"
5fdbcf1a-1720-4167-830e-b6a493dd75a9;"57.152404,65.57433"
f06c03fa-ea32-4e60-8aad-c6095a8557d7;"57.151984,65.574833"
d3f027ff-f6ac-46fe-ba9c-9867edf53e88;"57.15442,65.578794"
47fc1c55-f143-4c1b-b66d-473aea1557ad;"57.147033,65.568042"
a5f3fade-1692-4b47-a436-7ecf8124d08a;"57.14712958971619,65.56890193642207"
3ac59d84-d631-447a-bd26-24d87249c151;"57.144992,65.569443"
f1f939a8-bb14-4e48-b715-60b40b119f90;"57.143126,65.57212"
00d3d585-e271-44f2-8c41-b37036cbb398;"57.098025,65.599087"
9be324a6-98cb-49a3-87cc-00935df89bbe;"57.143649,65.572255"
bd7ed350-88f2-49ef-82b5-c1f651bedaa6;"57.141915,65.548602"
eeeab1a4-cef9-4f6b-9a70-10158e837343;"57.138965,65.554109"
69bef980-f770-4278-b778-2046a6d9e2d4;"57.154244,65.571168"
dc347da8-1251-4a61-9aff-8ebe84f0c4d9;"57.156641,65.57521"
63cc6cdb-8a94-477c-b3b1-9171167fd016;"57.153741,65.571608"
d20ed141-fad6-4595-86b1-00b375bb0fd6;"57.116536,65.49994"
1529c0db-7009-430e-a1cd-a980d443f1da;"57.14902,65.545161"
f876fe85-877c-4b2c-9ca4-c7f4e352abd3;"57.094128,65.643051"
bd83b9c9-a9b0-4824-ac9f-882347de5308;"57.148317,65.546221"
8085f695-59f4-4920-bb82-c4d600469c37;"57.099751,65.600516"
b0937739-4552-4e89-b490-a141e38a509b;"57.154381,65.572623"
9c188e3c-d181-41a4-bc87-7d7dd051252a;"57.14297,65.544955"
e041bf0f-156c-409b-8a34-0b31cdf553de;"57.093746,65.644048"
5b7bf07a-32a6-4c9c-adec-8e9317e3bb5b;"57.09316,65.635083"
83225231-d597-4396-8a0a-17e062380a1b;"57.148312,65.54668"
18c233ea-e588-4d58-9ed3-ad30a31baaa2;"57.142252,65.573755"
700038c1-ba22-4f96-9d4c-420343f2d9a4;"57.145739,65.550264"
b558f451-5d93-4637-9bcf-ba9047e24fbe;"57.147697,65.560774"
3f42f92a-648f-404c-a754-96395ffe3212;"57.146506,65.558501"
b003a21f-a763-4407-8130-1e30ef50c921;"57.153243,65.570494"
70c1c149-0c34-4d20-9c6a-1f82b29b04fd;"57.184251,65.566784"
a222f044-fb1d-49d0-8ec3-7095b5b2a1d1;"57.141691,65.55304"
64127f8a-97ca-42b2-8ffb-470a3239f0d0;"57.142902,65.570099"
c551eadc-8a4f-47ff-9255-46b577f3b0db;"57.144982,65.545027"
86ce23bd-2b35-4bd8-8d99-f3ea03b14295;"57.14463,65.545135"
aaf71e19-1811-4b1b-8a78-780888b23aa8;"55.882742,37.696462"
e466e8a5-161b-4de3-a6aa-005107833399;"57.177729,65.634283"
d3b8680e-a98d-4f51-a8c6-f6d3a826993f;"57.144084,65.546985"
86792ad2-69e7-4023-90f2-26eef46b41e8;"57.098944,65.599132"
f10de688-d00d-41a5-958e-86b28670a3cb;"57.146501,65.487283"
4764cde8-927a-4cb8-b334-b2fcde88cd6d;"57.097311,65.596994"
375cf734-39ee-4c7b-a947-2dae78a8b20a;"57.100377,65.601881"
77e3881f-c0b5-4b50-99ac-cb90f11009e9;"57.093453,65.643788"
d874cd4f-31ee-4e12-8485-2fe5ca8ad378;"57.177919,65.646599"
58071548-5a7a-438a-94e9-2575d5c538cb;"57.094363,65.639494"
2ec42928-3379-4f72-8742-442fb049e093;"57.110799,65.430384"
f2d7e7c9-046b-489e-9da2-5c47bd800584;"57.151066,65.565302"
66a49202-fc1c-4757-ab40-08e0af4b3540;"57.152653,65.569497"
da58cc0d-e309-44c5-9887-d3c7c31a9a87;"57.146266,65.487211"
41cbe06b-8fee-4acc-803d-62648729693f;"57.135322,65.476719"
a844844c-b6df-4004-8f08-b0e029799b0c;"57.135835,65.476746"
c1d269a5-d40b-4d42-92b5-82d77cf83e75;"57.135737,65.472587"
5dadba4b-aada-4587-b54e-b7d5010972f9;"57.092866,65.635999"
3a556b8c-3b4d-49ab-8270-c7ae17249dad;"57.093487,65.639925"
a74e50be-4e7d-4fc0-8f66-8e7888ea14ba;"57.150548,65.561259"
f518720c-c0cf-4e73-9ab5-ca02e6dcd947;"57.150036,65.562301"
054c9faa-264e-4b15-a80d-c1ae89200131;"57.20816,65.605106"
4566b870-e68b-492e-a54b-af51e9e3857d;"57.142643,65.54968"
beb0d368-852e-4967-9c29-82ad0cf87eb6;"57.142433,65.550093"
3c72c8d7-5ded-4c54-9774-c67a754b140f;"57.142472,65.548674"
ecce07bb-6780-4862-af32-00500df5ecfd;"57.147414,65.567539"
d6378ccb-8fda-454d-aa86-9c4fee49c7aa;"57.142589,65.551962"
abf208fd-2665-4411-b6da-aeeef4676bee;"57.150627,65.590958"
794660e8-f3a9-4336-83c1-dcb1f9c68c2d;"57.140157,65.553498"
9a41b98d-9ac2-40b0-a074-812c722117c5;"57.151271,65.590284"
ca4344ab-1874-4c96-b7dd-cd25de7eb514;"57.144684,65.543805"
8fa724bc-fd0b-43cd-acf1-3459d4a46a18;"57.151837,65.58926"
0b43a4d0-0cca-4df0-882f-a1afc0b63be1;"57.151574,65.58829"
1a003fff-85c7-4889-a85f-281607feff04;"57.146071,65.582424"
5d4d844a-aad5-4a86-8d43-fbc47a36970e;"57.140934,65.575174"
3e0e82a9-05c9-4c97-bfe5-72e5b68c94bf;"57.138394,65.573405"
63585e81-ef73-439f-be7f-c80eddaf2815;"57.147961,65.568509"
5d0d941e-27ce-4027-9d46-a2f98ad6b75a;"57.142164,65.549653"
3d78e7de-a1f6-4afb-9ecb-354e2c890529;"57.158003,65.570521"
f76b9795-6853-4308-88af-19e9b1c378a4;"57.14611,65.564008"
b9d3d144-d05c-4779-bc31-5f6e427d5849;"57.145793,65.563757"
0b823b8e-7ca5-4ed7-b40a-e6001244859c;"57.139732,65.553606"
7fe29de0-4570-4365-9e6e-71730cd0b06e;"57.145807,65.559606"
9f3489f2-01cd-41e3-a2fd-b0572c16557c;"57.145026,65.561125"
05c2b1b6-113f-44e0-b1e9-7c6724498d03;"57.144513,65.56249"
236630cc-6dab-4292-9bc0-e89bad05fcfc;"57.144132,65.562885"
e55aad85-e65f-4c60-a94e-d492fa576375;"57.143747,65.564188"
5c1fe6dc-3a42-42a1-9da5-1daa145af8e2;"57.152423,65.586771"
c427f05b-e5d2-4e2e-92ad-6ca59f8a0bd2;"57.152306,65.587364"
136cf044-ec22-4c8c-a343-5f65111d911f;"57.151969,65.585792"
ae388a80-a2d1-4e91-9b73-292da9ca53c7;"57.15109,65.584301"
b1cf9d30-d3d6-4841-b921-09f65bdd9055;"57.148683,65.58131"
c518fad5-836a-4964-9b59-52a7c62adc42;"57.146066,65.574554"
cba13b32-03ff-4324-8780-011ea99d856b;"57.140025,65.554827"
ee67fbe9-b530-4e51-8556-39d5ba00577b;"57.134081,65.496958"
7dc5a1eb-75f4-496d-939c-6067f5304093;"56.924761,65.536286"
c2b701ff-df28-4953-8bd1-ce23ac806c84;"56.924633,65.537086"
e1ca61e2-bd45-409a-aaf8-b303ebdfba6c;"56.924323,65.536053"
dbc4aad9-9102-44fb-a50a-ecf1d14d1727;"56.924137,65.536807"
c57fb906-b0d9-441d-a389-a0df1e795286;"56.923896,65.535828"
b9bb6925-e3f6-400c-a4f4-c9ca74c79aeb;"56.923641,65.536493"
42485a8d-c069-437a-b594-3f7c8fd6bf7b;"57.048105,65.699555"
c51b47b0-00e1-45cb-9d41-7931d0b5be1c;"57.182471,65.614458"
61b88a32-0d5b-4bcc-bc78-188a1dd2d3ab;"57.146413,65.564844"
074fb2b4-61b1-40bd-839a-8b34f857b158;"57.142716,65.569039"
2d5f2f27-5367-463f-ae7a-266f594a42d5;"57.129348,65.499518"
ae270ba2-b96a-4b3d-ab8a-d7cd8e5adfa1;"57.116395,65.53943"
04c8a34b-537f-4e00-9141-da2b8c1d9ed1;"57.093072,65.641757"
be6b004a-9d2a-46df-b6cd-00cec648cc5c;"57.144518,65.547533"
d0aba5e8-3ffc-45cc-a9e6-518952343c28;"57.176826,65.644183"
4e65711e-bbaa-44be-996b-e11ee76c4956;"57.135004,65.563209"
20662d01-8e05-4f49-b940-9a4ccf83bcef;"57.205186,65.602672"
b2337b1c-b91c-4252-bcc9-0b906e9cbbcf;"57.204333,65.602618"
3c5a50f8-293f-4076-8f65-3ff36e43036e;"57.135678,65.567853"
e0d7bcc8-287e-4a33-90f8-240c44342d96;"57.143058,65.569721"
108d30f6-b7de-4d95-8bea-e50022ac3254;"57.129753,65.497299"
8b3b7c54-1b50-4d76-b76b-cc0c6bb78624;"57.130359,65.498198"
d13d3012-4ebf-4928-87a3-dc3299b3f227;"56.92338,65.535532"
d30ed278-de9c-49ed-a715-c183a2eaffd0;"56.923105,65.536223"
0263cb49-2e9e-444c-8465-2ddcaae6f043;"56.922167,65.534481"
0ce728d5-9a45-423b-9b1a-53f4db696468;"57.142125,65.568895"
71a16068-64a1-4d48-9412-19b72a6a63de;"57.176821,65.552465"
34f5acf5-73fc-4508-949c-090bc29bbd8e;"57.176382,65.554243"
29edca49-e162-4800-bafc-2e6a90f598e1;"57.146344,65.549195"
f7d90104-8d7b-4c74-bd02-f105e178813f;"57.133661,65.478902"
82cb3593-470c-4add-b712-8d584c71eef4;"57.181027,65.583304"
6aa10fe5-b630-4d64-8f9a-b1439ce1ba88;"57.141593,65.568518"
9d63eafb-5e59-4f85-b2e5-cac06daa7ec9;"57.13244,65.491164"
6db1b173-d86e-463e-bab1-fa9b68b7ca0f;"57.133251,65.494101"
a3bff456-40d5-4c91-afae-41d2c9b8a80f;"57.133319,65.494982"
71ec7a1d-4185-40f7-b422-1784b3e3797a;"57.130295,65.492278"
87519a3e-6fc5-4c36-9768-7b0ac85837cf;"57.131419,65.492359"
24f922f9-6ae5-45ea-8f82-04d0ec6f8e14;"57.133241,65.496455"
0d5b8050-052b-483a-95d2-37f60a767bc0;"57.134267,65.498647"
0e3bf7cd-b2ce-43b3-94a2-21b44117cfd0;"57.132005,65.489771"
de5915e0-4ba5-427f-ad94-b6274b732a19;"57.175123,65.554567"
ba21d755-395e-4847-ae1d-64ebfbb2b8a3;"57.099912,65.589134"
c26919b2-844c-4b9b-8883-303337b1348b;"57.134531,65.477887"
5b15efb7-f129-49e4-8f05-f75abcb99434;"57.132626,65.497156"
1648d0b5-d9bb-4d0b-b5cd-5118a2206b69;"56.925262,65.536547"
fd2b285f-f2fd-4b2a-830b-2fbb8d174935;"56.925134,65.537391"
d6f0859d-1193-4335-aa45-f4f1426ea33d;"57.176333,65.555753"
46d8830b-9d03-4062-83bc-8504042398ce;"57.133998,65.496536"
5acd86f4-75db-43ef-8db1-2e8f71752074;"57.147072,65.550273"
12590eb1-1436-45df-97d2-649be3d9c7af;"57.142716,65.569039"
af959c78-635c-4180-85db-11070c67091e;"57.113912,65.554612"
8ffb66da-c48c-473c-aa56-4ab984ba4d19;"57.133041,65.479216"
1ad80f79-31db-4c71-af1c-3095de5a92e9;"57.115852,65.539583"
83263468-1ee2-42d4-b631-3d0808ed4239;"57.134257,65.471194"
472d2156-fc50-41b4-889d-e5ee5c62d3e5;"57.133612,65.46955"
9d322ac4-2866-4905-87e2-8da6e0dc136c;"57.134809,65.47247"
abf3b1e8-dbf4-4eb6-a575-e671d8dc0a5e;"57.13348,65.472254"
50d7ac1e-862d-461e-84ef-3efec62dda08;"57.134575,65.476683"
b5b7360e-3f97-4f0c-a682-442e587811b2;"57.134667,65.474581"
53ec3d84-fd8b-4dc3-8a47-16ff3d83447d;"57.133827,65.475605"
1a9ed326-90c9-4fd0-9701-db8ac3eda8de;"57.180495,65.580735"
b6b1e83f-1aca-4fcf-9088-426b6f47b851;"57.175309,65.551342"
ba189359-d357-4f13-b690-62724de18bc2;"57.181509,65.58475"
75aa5603-dcaa-4891-abe5-4fd44cc3f2b0;"57.18029,65.582118"
201e3516-aa42-4fee-9dbe-2c57f9eda1e4;"57.129338,65.500237"
34922683-7d92-4c0f-9d80-4b831c3fccde;"57.101262,65.591182"
66ccfd81-d637-4ee1-9398-b1469d35d46a;"57.10198,65.592233"
987922a4-9abf-4702-a971-c158e4d7b32d;"57.179934,65.586762"
e65e95c2-4fb0-4069-a98d-7891349bb577;"57.101369,65.592314"
f0864a1f-b118-49ba-94a0-67de61916e24;"57.100655,65.591236"
972cf791-d25f-4fac-a830-e42330f88df3;"57.1,65.590212"
144cf7c1-bbec-4281-85d3-bfa15a1e828e;"57.100602,65.590149"
f0d27a0c-4052-4a8c-8df3-fa2554b12e8c;"57.129538,65.498018"
99c9200f-2968-4471-be10-414a6f9e0669;"57.129743,65.500506"
2b3cf62c-7baa-4c1c-b54d-279d5cac68b1;"57.129626,65.496805"
5df0324b-70f1-4622-bc3e-f9123607f723;"57.130315,65.497111"
2fe88de1-da4d-4df9-a793-f20da1363086;"57.173128,65.542772"
774408c8-74ef-4305-959f-12d33a7ea729;"57.135087,65.471077"
0ca2fd07-9e5f-414b-bff9-193b83ba8394;"57.134526,65.469856"
6a7eddb8-93cb-4e3a-9134-643b5e82410e;"57.136773,65.500398"
68fa9c23-66e8-4884-a215-89c340ef853c;"57.157329,65.559867"
4a00be8a-c50c-43d8-9efe-fc8f17e7ea56;"57.132924,65.477878"
21bc440d-e252-4f83-80f7-08983d7724f6;"57.099658,65.559481"
93517ba4-ed70-43d4-a89b-e31407a5a267;"57.133764,65.477231"
f58766da-ff83-42f5-a2c4-039abd94b309;"57.154332,65.556804"
c659d6bf-faad-44ef-abed-2ae70bf0153d;"57.114474,65.555277"
29fefd6e-801f-4ba1-93f7-a9f0a7713025;"57.153771,65.553597"
b03ecfbe-c7c0-4016-b52e-5cf2ca44d29d;"57.152584,65.55295"
84a2459f-f494-4f9b-aaef-5062c6f07bfd;"57.152394,65.552258"
df26ca5d-262d-490e-a7de-644c371ef51f;"57.155513,65.557594"
3823957a-7c2c-419f-b509-00334a334715;"57.115134,65.554648"
9c62df87-9625-4738-b9e3-3436615caead;"57.13984,65.578669"
b7c56cf1-8778-4c2f-8c80-1d47de6affb2;"57.140685,65.568347"
8b73376f-34b3-4f5d-8e9e-0556f0613b0d;"57.142062,65.556247"
b01d080e-84c0-495d-a1ce-0c3132acbca1;"57.133182,65.476404"
6f7f7a96-e457-4a8d-b4b8-d4722f29628d;"57.182729,65.354072"
0de98395-3f1e-4c01-9af3-5e3d94c6df36;"57.157134,65.559031"
d13b16ff-a588-4d8b-915b-6b6391854054;"57.139552,65.580977"
02bb1230-9ea5-49ce-b0b5-59bdc7d173b3;"57.111077,65.567287"
cebbab23-d76e-459d-8609-7bc7f17ea863;"57.109753,65.566514"
231b0e2f-aa17-441d-8298-5385ea3d0dde;"57.111894,65.566622"
86fab93f-7422-4c3a-8923-f55a2fed1a2e;"57.109689,65.565041"
377dc741-92e9-4bcf-ab71-ea5b1fd77821;"57.1088,65.563757"
de14fc77-67c8-4e6d-9869-8f2bdedf14f6;"57.14881,65.546329"
81ab07b5-027d-4592-8d04-c0c418670745;"57.111996,65.573216"
e5853314-3e83-4f96-820b-7264e662f397;"57.099423,65.591488"
0cc21897-b2b2-4e7d-9ecf-365d748a07dd;"57.1125,65.563712"
ec55c887-2055-41b7-b27b-a3b43ba2abdc;"57.14215,65.585945"
dc4ad9fb-a420-4656-b5e1-0d97ca69ca17;"57.112368,65.565149"
0652ad8e-3604-4929-bfe1-fb6b4f5b6204;"57.11074,65.57459"
d4d91744-7139-41f3-a25c-8c0bd804559d;"57.098793,65.591568"
15f33faf-f45a-4f2c-9e4b-0aedde368234;"57.115124,65.559274"
577eb02c-ecb6-48d9-84b0-9f7b27e9da23;"57.11159,65.574357"
7e7cfa78-3021-41b0-86d5-989794b9a106;"57.12414,65.487562"
277b8ea4-bd32-4692-a8df-376786f9d12c;"57.149953,65.594389"
d5482d95-9285-4274-bb6d-13cb61d48cae;"57.182124,65.353003"
40e443a6-c301-4869-9879-bc0a889a6c57;"57.143498,65.58793"
e8f909ad-e02c-4205-aeb7-f67c82a5a276;"57.142003,65.501638"
2cdeda0e-2a01-4637-ae8d-e381e7bb9804;"57.111097,65.574429"
609476c9-fd24-4991-b60c-ccfe42cfcfaf;"57.172947,65.543527"
a05565fb-09bf-4aa0-97a2-f6d3a4c427f9;"57.112583,65.57406"
035f5c57-a0ef-4611-ac64-bd8cd767a783;"57.113712,65.557855"
8963e397-eb2a-4bd7-982f-c3caf926a78c;"57.113761,65.560074"
546cd76a-e3c5-42f9-8239-392820fe70d4;"57.114112,65.562939"
61351fe6-2507-4c17-95a8-95ee4c0dabd2;"57.111155,65.563667"
eb6288b1-b8a1-4db0-a64f-89c8d144e3ab;"57.09933,65.590365"
cbd143d8-bec0-4474-ab78-15ff554e3394;"57.100044,65.591353"
45b2f0b2-890a-4f0e-b513-1819d5e3342d;"57.099482,65.592637"
47499d23-f3b0-478c-829d-b1134e927359;"57.098846,65.592727"
f66e304c-5b6d-49c5-b6d7-5188f88fe1ec;"57.134164,65.473305"
334052c0-59a8-40f5-aab1-2c8b2a632a3f;"57.155626,65.559867"
c1078741-6f34-4680-9934-dc4542cdbfb1;"57.139727,65.588137"
aaaf237c-d2cd-4312-8a19-4fac01a07ede;"57.161005,65.552968"
cad5246e-47d3-4dee-be0f-a98e7c6b0f88;"57.112632,65.568895"
e4e25a1b-0463-4e7c-8841-4ae46b3bf550;"57.182046,65.63917"
04e4a95d-bf20-4c3b-81eb-90649f2657b8;"57.183305,65.354503"
4202a03f-77b8-43cd-aab0-51b8e2f030e7;"57.111683,65.567332"
1760da21-e38f-47b6-b693-1b9903d6cb54;"57.110325,65.564844"
a4e06234-35e4-4b11-b0a8-ff297ea6d5a0;"57.111713,65.568886"
7312a8c5-c3d9-404d-a083-931b10e15b5f;"57.112148,65.569515"
9646530d-a3a9-4893-bdec-15aef9d4fe1e;"57.112451,65.567332"
3bb7194e-dafe-432f-a212-99600191abf4;"57.111302,65.568455"
8dac2c8f-e701-46b5-ae1c-2a5b735527b0;"57.109503,65.568976"
aed2b919-4ec2-4a97-8a26-87321a1779b3;"57.110931,65.56797"
5881ecd7-539a-4624-991d-373640cf035c;"57.111551,65.566227"
5fd51765-8e12-4a59-9629-efb403378eb2;"57.108785,65.568051"
de4f232d-a775-4e34-8dc2-ddcd2ac691dd;"57.110281,65.567215"
affc16a4-5252-4873-aea0-c3a2598dd49c;"57.112744,65.585702"
dc29a94e-507b-43a4-aad8-697e0c7e0e82;"57.139044,65.580753"
d853b21a-e3c8-47ef-8bb5-26591fc50ab7;"57.111116,65.564853"
61394b4d-49ef-44fc-9713-9749d70ac010;"57.109455,65.566236"
41620a27-3c40-4d09-8c02-79d099617ec4;"57.110574,65.565984"
65df3235-9da8-46a6-9881-65bae430fe8b;"57.108457,65.562742"
fa6396f9-b2be-4197-826b-8b08bb4c3754;"57.110061,65.565652"
378d5557-ff46-4e46-bfdb-84a7fb7d7bad;"57.113023,65.568167"
b2504c7d-112c-471d-90a0-a97193a5eb81;"57.112524,65.570036"
49795b8b-1614-4cf2-a0b6-d39f79876724;"57.110095,65.564412"
bb60e9c3-5f84-4ddc-9d37-d618208779d8;"57.108765,65.565212"
32597086-1f76-4de5-9ce3-90f8fb5a71a5;"57.143151,65.542808"
230bc549-d302-4952-addd-9c6dd976e945;"57.107949,65.566784"
a48276df-e7be-4755-97f1-71f62d3a765d;"57.108086,65.564457"
45c7937d-127b-4bfb-b44a-4483fcf8c369;"57.109151,65.56222"
9e80f59e-3cc0-4f80-9f48-d5f9a906204e;"57.109132,65.568518"
a2cc23d1-0cd5-4235-bc01-47bbbad6cbae;"57.111322,65.56664"
51ab1f92-fcea-4332-963d-bb2ff79eaf84;"57.004995,65.405788"
a9e63070-93c0-4fb9-b406-27a063d799ab;"57.141788,65.585056"
6d1f4dca-85fa-4e6f-aab3-96408a564142;"57.112182,65.56823"
37fe3b8e-17ba-4029-9874-cc3baf8701b9;"57.155435,65.53661"
395e548c-e073-4440-80bc-0458177c9673;"57.179509,65.56788"
3bb91026-3b3a-4487-854c-8869f4a5f011;"57.142164,65.543311"
5e2ff774-d43e-438e-b99f-a5d54ca05a2c;"57.179241,65.557998"
375bedc2-ed73-4f00-ab3d-f8b4508ff7e2;"57.142521,65.542215"
0636750b-3425-452b-9bfc-eb46cce5dc0b;"57.180139,65.642736"
17113023-d18a-49a3-9c86-b2bc2aa1cc40;"57.108257,65.5692"
a3b85e23-e1ca-4b17-8956-552e025294a0;"57.177714,65.557109"
fd06a5c0-ce1d-4fa6-8b59-10c65a460df3;"57.1813,65.638452"
87e18840-7b05-4ec6-9979-1c941048ca01;"57.143595,65.543715"
1cf58d01-6985-4bbb-9bf1-c361e670a5a6;"57.175982,65.561304"
d141a729-f7ba-4e49-b356-4db06566c4f2;"57.144142,65.54438"
d0c8d1d5-ab41-4304-8027-e0598f00f73c;"57.138751,65.508286"
4135f273-0705-4772-874f-98fcbe7e2872;"57.107641,65.570737"
9d2cb7b5-1dd0-44ef-9249-0974e94c3fc0;"57.117768,65.539358"
77048a0c-c668-47ba-a8e7-5b787ae2d11e;"57.122845,65.488532"
49ebfe3a-dd2a-4479-a605-22069c4c84ec;"57.176802,65.562436"
99bfc240-8e5a-4ccd-a7bf-5414fc92d473;"57.178778,65.562589"
5e399e20-7931-44da-8765-f2e95cc144f1;"57.178012,65.564206"
9e558a21-e43c-4f7f-bbd0-f051188a5f57;"57.107397,65.572362"
a405bbac-3bb9-4d14-be72-97b49c5984b7;"57.153361,65.557136"
e485d680-0a32-4c03-861a-5692229c0de2;"57.151271,65.555151"
cbc34f05-ce25-4d20-a255-c1e09ef56ade;"57.150905,65.552492"
8f49e6fd-e477-4180-96cd-e783e2725ae0;"57.150207,65.551566"
571eac53-a724-4188-934e-d5acf9b7371e;"57.149152,65.549752"
d1797725-754d-4892-bf73-60cba6a29405;"57.146794,65.551674"
880ba112-e226-4b4a-a32d-e922b3ab6a23;"57.154322,65.558969"
ffe83a8b-4d0f-46c4-8323-ec7d519d6a54;"57.143297,65.560586"
5f1da8ff-b222-4f58-a620-f5c31eef0634;"57.146032,65.551998"
7c262f0d-ba9c-47f2-86ae-8ad1d2b4fc1f;"57.142902,65.560927"
384f33aa-6e36-48b2-a244-6dedcbeb1e86;"57.137349,65.569703"
73f54c58-8c47-4855-bd35-d9ad3a8289e3;"57.131785,65.579612"
c5547628-49c4-452b-8f51-d5e36dff1593;"57.145212,65.554279"
c82a6a75-825b-4e7e-ac6b-f0434d113de0;"57.14338,65.557441"
39d459fe-f3b5-459d-914f-169eb58ade91;"57.142306,65.559831"
96aea543-b65e-44fa-b368-30a9620c3a82;"57.135551,65.571401"
dc954b7a-117d-4796-888a-9ef2e8c9727c;"57.137676,65.571033"
a3ab2cda-0a38-445c-aea9-79334a7b29bd;"57.137412,65.573333"
98c60425-2e92-41b0-8eb4-fbda70468764;"57.130989,65.581858"
3ff511bb-4d8b-4219-9eed-cb51b6f03cde;"57.129289,65.587993"
1740bb6c-a943-4b17-84f8-9220a8533979;"57.13011,65.583385"
081a4117-a773-4afd-9171-f34ec5d71433;"57.129055,65.58546"
1e5fab1a-4603-44ca-b1eb-009947901b07;"57.128268,65.589152"
2405394b-ec45-4f62-a924-89ec148e2903;"57.127828,65.587616"
9eae3afd-8ab2-41ff-90cf-bb92023fb13c;"57.126978,65.587724"
9670a01b-3cf1-403c-acd0-02d05d8f1d0a;"57.138086,65.57495"
2bbb1448-0b97-4d07-88ba-e985e00cd932;"57.14359,65.555447"
10dca355-3436-425f-b089-fc8aa7953b6b;"57.143302,65.554944"
c8baf163-cbb0-468e-8d2e-ec545c782b01;"57.143019,65.554441"
6615686f-85ec-4135-be4a-9013916324a8;"57.106673,65.573431"
39d7c791-f3a7-4616-b37c-45726ff63b04;"57.138458,65.54871"
4e0ad14e-dd3b-488a-a5fc-7ed877e07208;"57.140035,65.552105"
ceadc7e3-363c-46f7-8c54-6e05bca038ce;"57.118374,65.479108"
fc7ca041-5ab0-4059-918c-a9faf637ac40;"57.137295,65.592853"
9e0dfb71-b1ab-4a68-b6bf-b83caaa85138;"57.152897,65.524087"
ebcaf5c5-f8cf-4862-8a1e-154682ddc7c8;"57.133891,65.527105"
1a8b2b1f-1063-4cb4-9c4f-4bfb25641517;"57.137022,65.592386"
77eab6cc-b57b-4ba8-a28f-41632f1669cc;"57.136851,65.593518"
e3727661-415b-456b-88f6-d9fa1283d751;"57.155118,65.566299"
2049c807-4bdb-4935-a5a2-00538a30035d;"57.155431,65.567009"
51bd3377-6540-4faf-b088-e927f4037487;"57.144821,65.549455"
fc9456ba-a7be-48eb-aa05-db9ad32b8365;"57.144567,65.548881"
05c36e3b-b18f-4fc0-9810-7c0501d83aee;"57.143327,65.552348"
8e0787b7-4610-406b-9551-56608519c276;"57.142282,65.554055"
09be0e0f-bca5-4cac-9e19-31fa4810a23e;"57.164944,65.43271"
924b00bc-9f1c-4bf1-a1c3-d6fc9f87a89e;"57.148283,65.547838"
c1c8dc87-08d7-4334-bfac-b4848beb51be;"57.182031,65.556714"
f18e7025-122b-4d85-80c2-59abb29385fd;"57.114689,65.552501"
5c6b2c49-9f26-4af9-af2f-ed2aa76dd8eb;"57.115285,65.553219"
31d17708-bcfa-4196-816b-b76c2ff7ee6f;"57.117836,65.538963"
8d5cb314-af42-4405-a31f-e45d9ddc8166;"57.138726,65.54906"
5a1edbf4-7534-41d7-b97e-e23ba5bfa8a3;"57.139571,65.550497"
c4f5e0d8-917f-4a23-ace7-29ae3fefe588;"57.179187,65.640949"
8e494e38-6147-49ad-81ef-90e4518bee6b;"57.181466,65.560244"
57c1cab1-e5ce-4fa2-bcbc-828494e91e28;"57.117753,65.533663"
7a1aa0b9-4182-4ac0-a328-a0a781c30b83;"57.141671,65.554747"
db6d293b-6fce-48c7-8295-f2e0cc1aa980;"57.141124,65.556166"
3a3e6c1f-cb4f-4e94-8e54-2b9dcab5fe69;"57.140313,65.556929"
98f90293-9055-4dea-8e14-96a70b57897b;"57.140001,65.557576"
712da683-aaeb-43ed-a032-f81b8d6281bb;"57.15154,65.57318"
c8a3b3e6-f144-4d0e-8791-490df739535b;"57.151876,65.55189"
ca88a75a-689e-4580-a5fc-d471ff41f23f;"57.150763,65.555079"
c5184576-4b7a-4a2c-bc4d-489df41cc1f6;"57.151247,65.5526"
59968096-48d0-4689-ab40-1a0c0880b187;"57.150212,65.555178"
69fa407f-7ea9-43f7-88d0-e3ae9472af5b;"57.117895,65.480905"
33b60be6-fc3e-402e-87a6-69273f37975e;"57.155289,65.569766"
6a0abd06-e71c-4442-a097-de65a3b14f37;"57.120465,65.485244"
8f3b635a-a5dc-4624-81e9-5041504e9652;"57.119683,65.484714"
3544b7ae-094a-4d73-8492-d7f8d3e701a4;"57.119165,65.485235"
e14df783-33e0-4b1a-bc3d-7fede25dbb03;"57.140997,65.557226"
ce8ca4cf-b222-44aa-a734-43dd758b51a7;"57.153893,65.567125"
32328292-cee2-4a66-acbe-677838ef2cb4;"57.155479,65.569039"
8cba3846-1857-4f0c-a76b-34873dc2486c;"57.119996,65.486241"
c250dfa9-42f1-4409-a79a-dcb682084d6c;"57.189729,65.588281"
181f84c0-c1a5-41c8-a224-cc20100550ca;"57.190421,65.586753"
e870718e-ce8b-4f5e-a1cc-74bdab280983;"57.188797,65.587607"
f9590485-d5b8-4e1a-8c2d-5cd15379239f;"57.139283,65.550021"
3a3d7a84-7216-49d4-9972-51fe5c43b021;"57.113785,65.52539"
e2ecba51-b61a-4ec2-954f-f153a268e857;"57.178402,65.654729"
0703f71e-9605-4e05-bdd3-54cb820f6ce7;"57.144816,65.564314"
a950f715-c774-46c5-b1d9-67928ad56798;"57.134565,65.502608"
41068318-56eb-4615-b477-29d0236e7641;"57.144777,65.563397"
c188559e-40c0-4ab4-888f-e0d26d8f7983;"57.136123,65.555842"
e86f70cf-2ae2-48a9-bda5-5f332c120f4d;"57.137085,65.55851"
7b086e37-a816-42f9-b30c-f46c3f8cf035;"57.146344,65.561897"
f09cb670-fcb8-468c-829e-3845d2927e25;"57.158115,65.560532"
e4623711-bd66-4b51-beb3-baff7e436f2f;"57.154547,65.575057"
9205cda6-6292-410b-b3f8-e46213387c32;"57.152599,65.575965"
09bf85b7-0c39-44a9-8d94-aceeed75998c;"57.150583,65.580034"
065fd51e-9d58-4908-8230-a752961ee2e8;"57.149201,65.582298"
ee2c8453-8f35-4600-b9f1-342855a987dc;"57.179787,65.642611"
58ac0cce-62b9-4671-a991-db49980520e6;"57.19105,65.586601"
2453aa19-cab6-4407-b162-7c8ed017f041;"57.188509,65.589646"
5635c220-a094-40d9-9874-3f93d425c8fc;"57.148859,65.530025"
043a330b-46d2-4393-be39-a28a74b55919;"57.147277,65.56002"
a455fa2e-f15c-43ab-9f45-80d71c383b26;"57.143688,65.593006"
17f7ba84-228f-44da-9c3b-2308209666ac;"57.14633,65.563092"
4f9e16ac-fb6c-41f8-ac2e-2b0c6881612c;"57.139342,65.548907"
0bec6722-7f2e-4e71-8ec9-f5aca4c77722;"57.205337,65.602231"
4d0b06c7-7729-477a-80a3-4c9e968e2b59;"57.156319,65.527114"
d809733e-f6df-4cb7-ab6d-7f4fd2250366;"54.783762,56.118232"
ffff05dc-da12-4726-baee-c5eb4a21f5e3;"57.155323,65.491433"
0bfcdf6f-5652-488c-9bf9-6c8980fa30fe;"57.178475,65.642674"
88bb8a34-cc4b-4cd3-8a6b-9542e50169e3;"57.179304,65.63944"
cb544e5b-f01b-47e1-a0e6-01008266abad;"57.180114,65.6397"
7346d850-eb8e-4a74-b6d3-26adbc085c10;"57.180178,65.641272"
885532cd-390e-4a19-936d-9ed87c64e83d;"57.204625,65.602142"
0f67f36e-5f8b-4853-82e3-6550e5dd5e09;"57.139639,65.548728"
4e786cc3-f39c-45a2-8293-f3e6d0763aaf;"57.139825,65.548234"
1cc44e19-ffad-42a9-afd2-ab908a489c8a;"57.178597,65.656615"
717f8b65-43bb-409c-b026-15d9e4586311;"57.15399,65.575731"
38eb302a-2b27-495d-a8b1-b1f2f3a85641;"57.1488,65.58343"
81132123-014f-4680-be24-e395d9ffb450;"57.148073,65.584768"
9b811140-af5b-4048-94a9-39edee71fd6f;"57.151749,65.586358"
54e0641b-31d8-4882-8a38-f2b9e82584d4;"57.1536,65.587427"
21b9a5d9-7222-4c11-9df9-bcce7ef6058c;"57.1542,65.586691"
c375867a-c1f3-4122-8b43-cc0b310eba88;"57.179309,65.655304"
970e9171-a235-4fa8-be87-84a765888c36;"57.154151,65.588164"
cb1eaea8-8054-4bb2-82d4-ad5f29dc0aed;"57.154786,65.585936"
69f816da-c5ed-44b9-9e75-503105bb8aee;"57.154454,65.585253"
f4323eab-18ea-4d92-ae09-d972dc83099c;"57.150514,65.578408"
7292d22d-8ea9-4343-a26a-911aed9ffb6b;"57.148615,65.573512"
f9a8d32d-f3ac-43c3-ace8-8ccbb8af396b;"57.149606,65.578426"
a3519239-954c-47df-a10f-8ab21560b9b7;"57.148913,65.572219"
86ba8d67-4373-4e4c-9692-ef9fb3f70108;"57.141388,65.560945"
2450473d-2180-4317-b51f-e5f5fbf67c39;"57.139576,65.555582"
d45af2a3-7855-43ba-abdd-a183063e4aa8;"57.138941,65.556157"
bc60c572-f9fa-47ca-a9b8-b01bdfdce3f5;"57.141866,65.596527"
e4459f12-ae96-4798-a53e-bb6f62fcd1fd;"57.113765,65.524518"
abfe37b8-c32d-47b5-8503-666676e239c0;"57.137691,65.554082"
4d8858f9-d189-4e93-a2e0-f1ddfd915761;"57.121159,65.520988"
4d5d26d8-9084-48cf-a596-51ffd1544899;"57.155889,65.527294"
c7a6c5ab-e9e0-468a-86db-2bf8bd48b14b;"57.156871,65.538999"
f90e6874-0aef-427a-84b7-c826ecc40392;"57.113775,65.52627"
36b19705-7562-4f08-b77b-739a79a7185f;"57.121643,65.523135"
ca321459-565b-44ad-ab69-7e8f882fe7f1;"57.159912,65.562346"
dff98592-dec6-4031-831b-eda3518ee5a7;"57.155816,65.528076"
8920c84a-d5cd-4494-9282-b1fabbabc82b;"57.14652,65.560963"
67275311-88a4-48e1-ad49-be3b678bc868;"57.112998,65.526351"
af8d5cda-93be-44a1-bc7f-eab46f6ef1e8;"57.114283,65.528929"
c607a770-3ad9-4cb0-babe-cf045fef6fe1;"57.154791,65.508142"
cb64c695-1da5-4e9c-abd7-f6f178c21ad7;"57.112944,65.524617"
526fdd04-29ee-4dbd-a9ce-f3eb5a4adf80;"57.154264,65.509058"
ede3391b-b0e8-4ab5-b837-43acac053c7f;"57.143219,65.548521"
a8e0be29-d01a-40e7-ae94-b352748878a1;"57.181358,65.586295"
ecb16db1-86b9-4480-8f60-fc95411b3dfa;"57.114327,65.525731"
45415628-ddcf-44e7-8f92-81774d0d9d65;"57.155636,65.492224"
a483b86a-a5da-4098-aca0-047766b593fe;"57.160224,65.560181"
204aa38e-d5cb-447e-8a05-d0d914769933;"57.160449,65.561187"
3a5b82a1-ccb4-44ae-8e2f-dc425ea94c8e;"57.142877,65.594614"
0df243d5-131f-43cd-9732-c3abd581db44;"57.130457,65.523018"
88b4a048-f1f8-4afc-8e6b-d76c12bbe5b6;"57.097155,65.619892"
469fab2b-5022-495f-8293-8849dc7cbb6c;"57.156177,65.510576"
f36621e2-5504-4a72-b8c4-7a56bf767dc9;"57.157076,65.507711"
d12d2e8c-3d74-4125-8daa-3f260b66d040;"57.156583,65.510316"
143a95ff-073d-4d5f-a6c6-3333462d1e69;"57.157095,65.509301"
6d28c450-00c5-4914-8fb9-6ad6d5820c9e;"57.156583,65.508438"
618e7aab-9ae4-4c1c-9e7d-85145713c10a;"57.156475,65.509552"
9ab6687f-85d1-4ca9-a221-69961d813588;"57.156173,65.508995"
0f740f76-a5c0-4288-9acb-38c91cd839a7;"57.157613,65.508313"
23b2b436-d7d6-4603-945d-f8bc4bd036d6;"57.15771,65.511017"
6558115d-dd6a-4a8f-9c09-12b71929a873;"57.155494,65.509094"
7d049cda-946a-4c4c-9a34-69dde7107359;"57.12775,65.525533"
8afe6966-2496-4f09-b933-547b632bc9a2;"57.155777,65.493293"
eacc3aae-2150-4970-a09f-bb77179eacc2;"57.112959,65.52547"
4bf7adec-84f2-45ab-ba0c-02bae67480cc;"57.120705,65.551773"
0bb8dc27-4edd-4f4c-a814-ee477f36cfd6;"57.141779,65.545745"
1f65e571-b81a-4e29-bac3-e7523b9fef94;"57.182178,65.584948"
d7d99a9e-009d-4518-91b6-c11cbc33848d;"57.093688,65.629873"
41a86101-a70c-4a3f-a8be-97f54fca8a6c;"57.141261,65.547066"
11dc74dc-cfe3-43b6-b421-e46ebe89ec6b;"57.141149,65.547982"
3f55b990-f376-4824-8659-9120915bbfd0;"57.14212,65.547299"
75761395-4086-49bf-82de-e3bd701dab82;"57.11467,65.527815"
91694bb2-de4f-49b1-8840-3a3ba127abb4;"57.143971,65.549941"
fe68ca9c-10cd-4a31-8db8-7b3bd51577e0;"57.104977,65.59049"
eb084b84-7187-4177-908c-3794e6ec9f89;"57.094475,65.629172"
ab04d544-d309-403b-af48-d6b3d3b2ae16;"57.094446,65.630582"
5deb1528-776c-4f46-8b03-ca2a742a07e1;"57.111019,65.588352"
4b780216-cf4d-4581-bf0d-9bbf4e1561d8;"57.114239,65.52751"
d50ad987-daa6-4fd2-82ab-daafaf40d826;"57.093052,65.630466"
e43775d1-fc02-44cc-bd47-8d879b591bc2;"57.101878,65.603741"
784836d5-9835-473d-9cdf-1acfa6bfe1cf;"57.095218,65.629944"
1388c8f1-ad25-46f6-a364-8805702a98e3;"57.17003641706175,65.45258191964334"
0443bab1-ae1e-49bd-8202-7c60ab095359;"57.17040941588678,65.45189259192652"
19293c22-6d1c-4c8f-b5bf-6e336762b053;"57.168521,65.451036"
3edfad9f-3b7f-4c5f-91a4-719b8c1a6166;"57.137847,65.590967"
97bfcfdf-1b89-411f-b9e7-2388e19a47b6;"57.138672,65.58926"
e953a75a-2aee-4400-90a7-1893e7c9e63f;"57.135131,65.596123"
a148b3a3-b703-41a2-a7e3-55aaf3b7ad1b;"57.133783,65.597434"
ad459363-24a7-4725-8e47-c6c006373c12;"57.133275,65.598315"
b2500fc7-0d42-4f78-8fcb-b04206b7bf8d;"57.180529,65.554468"
f5be034f-b26f-4477-b8d4-427a36020437;"57.177153,65.54915"
18e79a70-077c-4ccc-9582-7c25e8a2d850;"57.19342,65.58307"
5c0b1a32-3404-4200-b718-c30b51ec09a0;"57.142892,65.547794"
b8e19be8-ade1-4fca-b38d-6f1c18f27bc7;"57.19245,65.581552"
501b7f5d-4c0b-4c03-bfa0-edd6904959ea;"57.17465,65.542224"
0ed82a6f-3cd9-4454-bec4-d7bb0494c5ff;"57.178085,65.549087"
b1ab9763-a9d4-4e7c-805a-541ea6ed48b9;"57.175967,65.546787"
3699a657-0f61-4a87-badc-24829c205756;"57.175416,65.543455"
42547f03-b855-491a-9b57-757a3febd853;"57.161571,65.494425"
ba5bceb9-d166-415f-b492-63b43bc95f5f;"57.100069,65.620934"
df80d141-0290-4ab3-a3bb-1e38eeb23b44;"57.099956,65.625516"
34dafdf6-d228-42b0-a7eb-bda93ad587db;"57.094372,65.627079"
73d325a7-23a7-47a5-8a4b-21650b34657b;"57.096749,65.622605"
38c5ada9-76b5-423e-bcf8-6df748940403;"57.096793,65.620871"
2732bdc6-c17a-4bb8-a24d-05df36e1e3cb;"57.098651,65.619443"
47f342ca-8594-4398-be45-b6375e86f630;"57.098167,65.619731"
8222b300-a9a7-40db-b2d5-13d311998a5c;"57.10552,65.590374"
69885516-cf36-43d0-8a0c-bf7722796f73;"57.104992,65.592476"
955e2867-6667-4b15-9e72-914898b44d6b;"57.154815,65.508636"
25bffc0d-ba38-4038-89bf-f5b6e699f554;"57.155865,65.510406"
9b92a2aa-3c0d-42e8-80e0-ddf4d45ecaf6;"57.155606,65.509939"
ac5c7eb8-4158-4dfb-a809-f4147589b516;"57.156758,65.509957"
e73c8161-1eac-4b8f-9b56-2c23f0a66ce3;"57.157818,65.507208"
06d07e42-c25c-4eb6-8513-2ca82b7a6757;"57.157295,65.511511"
707e79ba-721a-495b-ba70-862a4311eba1;"57.155352,65.509409"
ef35fed6-a85e-40ac-a1b1-a7e5583df8d8;"57.101252,65.624824"
9e089ac4-392f-465f-abca-58f02794079b;"57.09999,65.622453"
e8abc5a1-53d1-4283-8dfa-b5acee16abf4;"57.100504,65.624007"
8bcfc5b4-8eb0-491c-8f9f-ff32164c0816;"57.09955,65.622632"
48a15848-8788-4597-b25e-4f5be503509c;"57.145158,65.575659"
9ddf3fdc-af6e-49a2-881a-73baa56bc82d;"57.099301,65.620737"
b9acbf15-0992-4cd6-9fd3-2e8f65063106;"57.17425,65.543365"
ac8b5e0b-38c0-41f7-81b8-a6bdd2e64d59;"57.105676,65.724259"
cdf45091-4190-4047-b305-e11178eb5616;"57.109596,65.739377"
e9d226bc-578f-49fe-88df-e7d358fc3436;"57.177524,65.549896"
8536bec3-8a90-44a7-8f2c-3ae3b2d45a01;"57.139053,65.499231"
b2e76ddb-6422-43ad-a50f-364dfb3ca032;"57.10591456302114,65.72061708993525"
23ba679b-7c2f-4c73-8aaa-6dce121a78a6;"57.12390156822592,65.56454877514643"
ea9af11c-190d-43a5-8d62-01cc03735010;"57.2100849910227,65.59873400199125"
3ef37b0d-9f92-4758-98af-58f0b7e69cc7;"57.21018687230879,65.59787033068844"
5c6b550e-ed5e-4b50-a742-ee295c943873;"57.210320772998266,65.59709785449213"
957adc93-16ae-43e3-bbb3-3dc4c36b9b86;"57.21077486735739,65.59851406085203"
160bcd71-b772-4592-bc88-8f9182a5dbc6;"57.11495180874694,65.54762292071456"
7e6839d2-4301-4f2d-bf92-1d49d94281f7;"57.100338,65.620746"
a3e0ae29-5b20-484a-8b08-1279da037358;"57.168702,65.452114"
2ff08102-44ab-48d0-9a6b-f86d2cc309bf;"57.180778,65.555663"
85408626-937c-499e-ab24-0eb569cdb6c8;"57.093605,65.63458"
a271ded6-fb0f-49cd-b18e-3c9872f60703;"57.141857,65.582406"
4c9898ad-927f-4eaa-9e92-b29f1157c34d;"57.154747,65.571913"
9641a838-0b2a-4008-9e70-d40ca33d8b8f;"57.09846712331592,65.56928760469458"
e6457871-5692-4f73-8ec6-25674be1848e;"56.921666,65.535963"
f35bbd0e-588d-4f60-8db7-8c2fd5b9c7fd;"57.134814,65.598818"
9f939849-49ef-4655-8f8f-d2d931843231;"57.1431381858263,65.57305688028717"
7e7d7d01-293f-415a-ad79-1c9f41062e95;"57.135356,65.599393"
6255b53d-b45a-4e4c-ad4b-67b3788992b3;"57.140899,65.54632"
bca49014-a0d6-4cd0-9244-27af52ba46d0;"57.045809,65.698046"
f50758fd-2bbd-4610-a13e-29994a59a1b7;"57.15881490438376,65.53354185714714"
da624845-ceb6-4c2f-9162-321e9b5fa395;"57.118479121001705,65.48165123414606"
9144f38d-81c4-461f-86a8-5410447a47a8;"57.045813,65.696626"
14082cd4-cd81-41b5-a0e7-72d4e5e21800;"57.104112,65.57777"
c97ff3e5-cd87-433b-97f0-e21de54a1ee8;"57.155191,65.493158"
57c479cf-f3f5-455d-948c-4512d3b4a32f;"57.120177,65.560828"
08709cab-836e-4211-8a4c-e1cfee09ef0d;"57.107133,65.580223"
025c8dac-90f5-4df4-a27a-0a44ee927d9b;"57.107008472226994,65.71884539646501"
42047dd9-2380-46aa-8ee7-bbbdc8de91e2;"57.122366,65.495835"
06b95396-f39f-44b6-909c-f73e1ef9522c;"57.16205,65.494389"
ea891575-7105-41d2-bab7-44383c4c6479;"57.161083,65.492799"
57dc2023-dd76-4fd9-ab6d-7006ea55cc85;"57.122024,65.489322"
c6e09fdf-837c-4e64-bcbf-ccf89af01c29;"57.101389,65.62345"
eb87619c-38f7-49d2-8a5e-a96043b6db60;"57.100074,65.62168"
310d8685-626e-4372-8033-bf3f17be3582;"57.093492,65.632711"
bea1eafe-1e41-44ae-9ebe-d548c00338ad;"57.176109,65.651324"
dbbe1568-14ca-44d3-8b67-0e79ea8e907b;"57.176577,65.653184"
9d229b53-8572-4e0f-87f2-62429f96410b;"57.169077,65.491352"
4ac7f1f6-d24b-4806-9d11-7502e12ae174;"57.168946,65.490005"
c0f9c74f-200b-4ae4-9ba9-698261b0febe;"57.168687,65.490634"
01a949a6-d94e-4ebe-a69e-94eef8d16e46;"57.169116,65.489223"
bad007f8-3013-4f98-8d73-7aaba3b8599d;"57.154674,65.492754"
cc7012a4-3060-4274-a7f7-93b8b1f204c4;"57.208243,65.599348"
f674665c-9735-4748-970f-c4ef3a1c4b8b;"57.148683,65.545781"
deaa19fd-3b3a-45dc-a3ff-45a626190133;"57.131976,65.492287"
789fb196-18fb-497a-a603-436cfb3bf296;"57.11939,65.465472"
9227d239-c01e-466a-b5d4-597e8736ea89;"57.142628,65.547012"
b566bc30-d760-46ae-b998-d3f8546e644d;"57.0987479737755,65.57045797951888"
32074247-e8b6-41ec-94f2-244d200a4b76;"57.107973,65.582001"
a2427e27-a4bf-4be3-9f23-dd2c8a1ed9f1;"57.119635,65.56169"
00f69aa7-896b-40b0-b313-59c745ab91e2;"57.163841,65.509867"
c2e2f6df-9f1c-41f2-8bb5-201d8028c185;"57.092734,65.642683"
3a7e63e1-c141-4275-aa98-191e13deaf01;"57.046494,65.697372"
15747117-dc29-4de0-828d-e2980633d03f;"57.045446,65.696069"
5de85760-458c-4ecd-b3f5-36bdf6ca64df;"57.118706,65.465768"
fe2a94d7-b05a-441f-b6ed-b7f61b421d82;"57.139928,65.545898"
daf4cd31-1d69-4985-9482-d50221e431bd;"57.16957,65.490445"
09cfcef7-f229-48a1-9485-220d698a01b3;"57.168482,65.491487"
892cbd1f-0447-4932-9430-554cd6116647;"57.106615,65.571141"
5fe4a3d1-4db0-475a-b5f9-453ea3826d30;"57.158286,65.541847"
88a92f2e-f243-49c1-91e4-418063583d7b;"57.157056,65.546994"
2ee7c3a5-9210-40c1-a0c8-b3d8181eb89b;"57.006255,65.403722"
1d713581-833a-4387-b186-2cf446bf5c95;"57.005392,65.403982"
267b9654-cb0f-4a63-ab3c-9b961873dd3a;"56.923027,65.532262"
2f549996-8c9e-4bd7-82df-4dd0808c60c2;"57.117499,65.541604"
d48c807d-8eba-4e83-b447-fcc5f50da661;"56.923483,65.532432"
bcbf8ba0-00ee-42a2-b010-9aac9b9d28df;"57.111649,65.568015"
93d96946-d4a5-4aa5-9cc0-19a06840cb51;"56.923041,65.532935"
f99e23fb-0c29-4a10-a9a9-8e7fa3ea305b;"57.185724,65.615877"
51091f4b-9e00-423f-9eb1-8a40425347b0;"56.923783,65.532998"
2480d3cc-7d82-4287-b726-cc026bbed5e6;"56.923007,65.5336"
e8adacbc-b316-488f-8bd3-aa88b2f27f54;"57.106727,65.60498"
63b15d9f-6367-41fe-a6cf-dada7a9f8656;"56.92423,65.532846"
d8c720b3-54dc-4b53-afac-31281234b5e1;"57.154771,65.533825"
b34a5958-e55a-49f5-93af-fffc769e2f83;"56.922982,65.53431"
2a4111d8-fac6-447a-bf25-e62497339437;"56.922992,65.534993"
30379f4b-5c61-4579-91f3-5967b3c86521;"56.921907,65.536816"
aeb780fc-cc30-4de8-8347-fb4626d9f275;"57.222309,65.35824"
05174f78-5608-4099-87bc-4fa5c0152d42;"56.925709,65.53625"
fc953a80-4e28-423d-b0db-837eecab4c47;"56.925439,65.538083"
af910e19-682e-4589-9e1e-f7ba8fe53955;"57.109323,65.56417"
dfa3008f-a63b-4b3d-956a-b8c3b1fd0fdc;"56.925301,65.538882"
30e1bd57-5c8e-4b13-a090-f5d04462ffe8;"57.133207,65.572425"
9fded4f2-3e32-4548-9485-bfe4d71a1860;"57.142721,65.557235"
f7a71ade-5df8-474f-abe7-9bb28811add9;"57.17866,65.559463"
a37c5145-78ba-43d5-b2d5-87de429d0340;"57.178553,65.557585"
b7c1438e-d445-4bf1-8347-65983abdbe9a;"57.185666,65.622156"
a71d375b-772f-4700-9523-1a89c2bd0774;"57.161449,65.497021"
92333009-6523-4a1f-a195-438393bec04d;"57.105617,65.591622"
376c6bd1-8d2d-446e-a13b-7954b8887a90;"57.179436,65.637913"
988c0555-e85d-410e-a0b0-9ff3af7e047f;"57.112113,65.574069"
7e44369d-752c-4f52-ab84-6fbf3a53fdb0;"57.173445,65.542476"
8cb4eccf-db2d-493e-beb6-ea43775a3ebc;"57.159253,65.546114"
6768303a-7061-4432-a833-1aa9828593ec;"57.169458,65.488657"
4ca78248-566c-4b66-b6a4-ffd4e390a07c;"57.100770076344354,65.68696320041154"
d083163e-fbe6-4b48-85a3-ff24ba9f9822;"57.101467,65.691605"
1816db4b-17fc-41d1-bd74-4e0aada5fa16;"57.146266,65.568203"
eab9cfe1-07d9-4157-91d7-1224b97f34ca;"57.149914,65.589637"
1831055b-768c-4a54-8511-22429cf2c746;"57.14404,65.588856"
0a80abc1-90f3-45b2-9533-00b689c75cb6;"57.136631,65.571051"
744d0394-e1d1-40e3-8865-874504e1a991;"57.153038,65.552231"
e021921c-3523-42e7-9930-63e42b0e3a1a;"57.131414,65.579558"
8b9461f9-b0bf-48eb-8a5f-060685f9df52;"57.145612,65.568392"
0bd9834f-4c8a-4160-be13-2731160228c3;"57.134291,65.599357"
70cf53ea-617d-4288-8541-84c9e9bc7fa9;"57.118784,65.502743"
4d45d57a-908e-4aeb-b20a-581f686c1e31;"57.15751,65.558061"
a8a440f1-26d3-4a27-ae36-a21aaafb5b4e;"57.180827,65.584553"
761150ad-16ec-4346-9e08-deb8e61d8d73;"57.15689,65.537732"
de5cc0bc-b4dd-4007-8f34-01269c99d2f8;"57.148249,65.547371"
9579171a-dc00-4913-b806-6657241bb427;"57.142257,65.570476"
ccf8d2cc-4ee9-450b-92f7-0e08faf51547;"57.141847,65.519551"
003f72fb-537f-4295-a157-c390c820e094;"57.156104,65.527528"
cbbcb6d7-5a93-4e20-bf70-b7ab37cef089;"57.180768,65.555079"
16344931-e36a-4570-850f-57deee02a764;"56.843161,53.238431"
46c12d24-16b0-48d6-b552-16edc4468606;"57.222694,65.358662"
4ab655eb-fa90-4566-88a5-9fcd353258be;"57.079784662045554,65.77725604467099"
ab6c8811-13fa-4b40-9a07-be9f9d26d07a;"57.155792,65.58422"
70efed18-2e73-4e0d-a8ad-8ac23249de18;"56.120437,69.513406"
bfa54930-316f-4dbf-adc5-99ed4d873db2;"57.127223,65.525228"
fab1a248-6a7e-4419-a96c-87472cea8609;"57.158071,65.481974"
1f8eab66-4dca-47e9-a924-84033cd6283e;"57.099712,65.620404"
5be3774d-f5ff-499a-a0a1-96e1a645b68d;"57.172752,65.567116"
301c6113-d129-48d3-b563-c1c7cdae4338;"57.13815,65.588137"
354c0588-ff09-4b5d-b9d3-d2f727ec3f37;"57.201349,65.601082"
9df960c3-b470-4e33-911d-dbef2e047fa2;"57.200042,65.603902"
f7354054-6302-4ac8-b828-b4cb1506f3c2;"57.097648,65.621078"
702a210a-0282-4745-83ec-fd68b4a47397;"57.157813,65.536169"
1bf11392-b3c0-41bb-b55b-67bde9338126;"57.159038,65.537086"
62be0fbe-93c4-4848-b263-a940c6cd5ab2;"57.155313,65.507953"
f4770019-0966-4843-b2cb-b2141988e06e;"57.157954,65.507576"
0165719f-3c0b-4a9e-b439-dc0059d6fe05;"57.159502,65.537822"
f800145d-61f4-4723-b94d-de16ff192797;"57.159399,65.559391"
2aa7dfa1-9e8d-4201-a940-9903f52b609f;"57.159633,65.561044"
905fc730-c5c5-453f-beab-a46d186bc571;"57.161142,65.49332"
5317deb7-6c6d-4ca3-89fc-59d2a1d55f0c;"57.150988,65.508861"
88e216e8-5930-4e6a-a488-734ad1da0ad6;"57.179085,65.641991"
cc50cdeb-7f29-444f-816d-ffb72fdf2d9c;"57.151515,65.562768"
cbd04b84-85ff-44f8-bc6e-a465ebad04d2;"57.151413,65.564637"
042a91b8-6052-40a4-a49e-a4955c273637;"57.177694,65.558448"
041494e8-b0d6-4ffe-902e-324989e72540;"57.177934,65.561241"
c82a43de-2def-4959-b1fb-17082c804e01;"57.177231,65.566398"
c435e8aa-b377-4e31-9173-a1fff7a8a17d;"57.156812,65.508861"
1b91e2a8-3185-4a9a-8a7f-930e39a652ba;"57.157056,65.511313"
2cf64c44-41c0-4e20-a78b-390d86acf126;"57.157339,65.510864"
b2c75ba2-09af-4f6e-8f28-e73413ea24a8;"57.157617,65.51028"
1fc15190-5b8d-4723-a073-5d75837abf75;"57.15791,65.510352"
167432bd-93a9-4767-bcc6-aaac57073f07;"57.15486230561242,65.5093816779098"
255f4209-4090-4951-a8dc-1b8b6a91c184;"57.096397,65.621878"
786c16f7-777a-4315-8086-d7b52ea23934;"57.172752,65.567116"
753a0603-5600-43fa-bc02-df1334e26622;"57.126236,65.523063"
6fcec4f8-bf24-4ea4-8594-c2fb16f054b1;"57.127848,65.524788"
cc688e64-5f7e-4732-9f9f-503ed1a7e05a;"57.138555,65.555483"
c681c89d-afc7-4404-bb1b-c5bce1775877;"57.14145438926091,65.56112046112673"
1825b63a-fce3-4ac7-8a2a-26cea5a004f1;"57.14414403174754,65.59436792195129"
f875b136-ad47-433c-8049-d544b15530e8;"57.10704,65.559319"
75cc4a05-5043-4a01-8fb5-bb4987bb373a;"57.124404,65.585181"
fb17f80d-16d8-48bf-9f6f-8caa906b1b67;"57.116429,65.501252"
52fb2dc9-6588-409b-bf38-66d44efea613;"57.155269,65.529055"
ad97955c-6f3b-40ae-8a67-8a24ceba0535;"57.131995,65.518796"
18633920-6e14-40d3-b07d-5ce90c9379ca;"57.132186,65.517502"
28254e5e-d391-4d26-be73-7bcb1c0999d7;"57.132287274206476,65.51764265012358"
fbada8cd-8a51-4b7b-9796-5533bdd9929c;"57.131839,65.518571"
1b1775b7-2825-48e7-98da-1c1ae38daee4;"57.132044,65.51788"
70cfa59e-203c-4e29-90a5-1e4db49c4dd8;"57.130154,65.521805"
e2213189-2d0f-4d99-ae87-7ae4ede3a448;"57.130642,65.522093"
c5b9f8b7-8725-4262-a95a-9f352fb51514;"57.131092,65.519964"
77693e76-7332-485e-a106-5ca496eeb868;"57.131859,65.523386"
f328479f-7c5f-4655-a546-cbd964123454;"57.195069,65.606516"
631bb922-0a1a-4cf9-b074-23c915feb81c;"57.136963,65.559948"
a45bdbc8-4f8d-4fe8-8e6c-c2d9025b4a2c;"57.136729,65.559633"
4afd5aa0-8383-49d5-b09e-7aa9c83c83cc;"57.106155,65.508861"
5fe4aae8-60bc-4ad5-b522-cafd8da531ce;"57.15547,65.546725"
8bb4991d-e355-403a-b58a-84281b57889a;"57.124257,65.574231"
0dd76cc8-e2e9-4a84-8cc4-67ee1692cd46;"57.152384,65.567179"
0f131dbf-7a50-425d-9067-25633be92167;"57.150285,65.573476"
43b5234e-18d8-4fce-8f2a-926fe8eef41f;"57.146447,65.577133"
b09061fa-b039-4cd0-8093-0d5d5d66e681;"57.134789,65.557945"
5662d2df-8b7a-4d97-af89-729b8e5b30ed;"57.13369,65.561403"
5a82ef79-2592-46d0-bdb0-7de5cbdabdcb;"57.15540957480552,65.44419175529472"
d0bfbce0-3037-4dac-82f0-f7cd595d3e2a;"57.123314,65.490903"
9719b7f3-a2d9-4295-9374-0dececb8fae4;"57.175933,65.653705"
c1936b17-6ab5-4857-a7ed-205da53e726d;"57.123021,65.49252"
51807d40-12fa-4757-adf1-5193be20ec66;"57.100162,65.593697"
7fdbec25-30c4-45fd-8811-00922663da43;"57.114342,65.564556"
04587362-665e-4798-97a1-aeae4f0500a0;"57.12335983307837,65.56305763325932"
cfa491ee-309f-44c0-87ee-5343cf7ac1cf;"57.124443,65.563101"
de974abf-8c79-47f0-831b-aa2a413614a4;"57.186168,65.592161"
b83ed82e-d7e1-470b-bc5a-15ad736f7b9e;"57.183753,65.623504"
714a7447-f101-45b2-b588-b3a2b0481a96;"57.155553,65.518221"
a681d104-da95-4620-a6ee-1d4d34a49eb9;"57.14943,65.535927"
d7dc0834-e799-4cfe-8610-21bc78b1faf1;"57.154444,65.52927"
c5204bca-9f5a-4d55-813f-5cb40ff5fc58;"57.153636986076656,65.53080541479063"
0cce8e17-d397-49e3-a534-72864728763f;"57.152662,65.530609"
3d8f4c2f-ef90-4d93-85c9-8fd4e2b0185b;"57.152218,65.531992"
b6083bff-d215-40b0-914e-bd1e956811c7;"57.151652,65.533412"
e750f171-7462-4115-b972-e52841d80ee2;"57.149831,65.536241"
e2f2f8c7-2c66-4587-81d0-7ddc9696f16a;"57.14862,65.539403"
2ee7b0c0-1c1c-403b-9c06-f68791614d71;"57.113081,65.556992"
e2e7545e-d6bb-4f13-b1ef-4b42a3cbd88c;"57.109718,65.562301"
b580c7d7-1b51-487a-9739-b030a64a368a;"57.17748426614017,65.59019712565612"
c8c95367-5aad-42e8-a879-6b7082d15983;"57.176972,65.586789"
1e4ce9dd-fb4a-47b6-9610-ba80cd35a647;"57.180241,65.584238"
b1d5a5fb-edae-41b4-a378-9de140f57299;"57.144626,65.51876"
66490233-770f-4fa0-8379-3a04b1feee3b;"57.150928392163955,65.51258253173823"
3ce888aa-fb57-41ef-9d62-ac4631dad042;"57.150387,65.515885"
17514b36-c8c0-49a0-b65d-e5458ba6f90b;"57.150954,65.649905"
cafa2501-bd07-4102-af1a-396cf534834f;"57.151481,65.509435"
260c065d-369e-4bed-aeeb-412b5b8e62ae;"57.158574,65.543284"
80cc51ef-1f77-424d-97af-6d5aa7105f7b;"57.158979,65.545943"
7510fb36-afcd-4cc0-a2a4-2e84ead7c18f;"57.158428,65.550983"
e227241f-0f87-485a-848a-6dd8b824dc4d;"57.156597,65.557064"
57715a1f-80d5-4af0-8041-8a4211c1d3bf;"57.157183,65.448512"
ee2f272f-5892-47a6-9890-b8a30d72f241;"57.156705,65.447272"
393fe0d8-6bc6-49c0-b7c3-9833d49636cd;"57.160839,65.521042"
53b2dd39-ec63-4cae-b0ac-612fc5fe0a34;"57.13709,65.498377"
c7ad7208-9e2b-47c6-8436-4ccad52b4692;"57.1373,65.497973"
8175c97a-d635-4fbf-a1ed-c28fe183495f;"57.177192,65.644821"
78c4da69-87d4-4f2b-bb4b-33f59f844d7c;"57.180056,65.644066"
ed19d394-011a-4a4b-86d0-640ad3eeb6d4;"57.139757,65.55454"
066b601c-050b-41a0-a22d-5c2891d1f193;"57.151627,65.565454"
ce3aca81-782c-4c3d-970a-b6768a8de977;"57.148405,65.558969"
f53f7ae2-0084-4ced-b673-fc3175534869;"57.15778821044345,65.56976306197858"
7d2970e6-bc06-4d03-ad8d-f4cff0507d4f;"57.2085967224369,65.60539567857356"
4827d1ad-4384-4415-9a8f-d488d67ed0d0;"57.14318,65.581992"
2b338a72-f6a4-4bc9-8a4f-d25420a10693;"57.140646,65.570305"
128101e6-ded2-4488-97a9-15ab6f946caf;"57.139048,65.572075"
e4ee46b7-ac03-4737-90fe-5ad7676ab466;"57.136875,65.569003"
3e0d20c2-a1c9-4ddb-9213-76a0dac81f96;"57.113252,65.566452"
e4232008-9001-4c99-972d-9fddc4eefa91;"57.134785,65.561484"
2bca7396-8b88-46ca-a3fd-5adaa75f1697;"57.130535,65.559166"
9b56a75e-fd4a-4ad0-928e-857c4100b6eb;"57.098309,65.592871"
2d7a5130-aea9-4194-9663-4d86a9a8f1cd;"57.128131,65.556256"
17bdb55b-61e0-4ce3-9cf2-51b348f35c70;"57.125371,65.554791"
1a1174c9-c7bb-4718-9aff-e5fc6f08d015;"57.126236,65.552555"
1d302300-2201-4143-a785-8c543073db23;"57.127174,65.553507"
c9a6c54a-e0c2-41d4-8fac-a4995debc1d4;"57.116189,65.539951"
d4f91a8a-aefb-4923-bd77-e7bc0a2835b5;"57.156334,65.558043"
ddfeb625-20a3-42b4-8b24-ff0ba1c5e515;"57.158491,65.575623"
e7e46e2f-7db3-4c98-8842-faa87da6705f;"57.150973,65.585972"
bbd2e426-79c7-4891-8d9f-5252205ac27e;"57.151042,65.585684"
2051f727-969f-4f77-bd91-a40a7a05ee72;"57.131898,65.523018"
1e76cbf9-51d5-4ec2-91ab-8c63f34f3b93;"57.128288,65.525129"
5c12c323-4fc4-4998-94e8-102eac5ce1eb;"57.129494,65.498853"
996fe655-0799-48be-bc39-5f6efbceef93;"57.135043,65.493796"
54c015c0-2533-4f3c-8c9b-20bb5c9ae844;"57.13411,65.491802"
4038ec34-f84d-4b24-91f9-671c8ed8f9cf;"57.172742,65.544533"
2be40c6c-2920-4f91-af1b-5cea4fc6718f;"57.140113,65.547416"
81aa323b-ce03-4d8b-9a30-c158d1b3a917;"57.11335,65.558843"
e2a7f3f0-e821-4b84-ac7a-21f3b69d0369;"57.128737,65.539538"
d8d5b555-a088-4415-9328-b2a2d0be96f6;"57.144049,65.590994"
a95a5eda-bae8-4b82-a475-1a7073a80fd3;"57.156133,65.562068"
f378bd1d-e7b3-4c86-84dc-7992af39a69e;"57.129822,65.520889"
ad9722b1-57bc-451b-ba54-4b640f11f0eb;"57.151398,65.531848"
c769f6b0-fd1f-492e-baca-9bd324b8bc07;"57.157808,65.519479"
6dbd8be0-461d-4639-b4cb-78eeb41fafb3;"57.132396,65.601621"
42a54102-d3df-4244-b0e0-e8f3bff6d42d;"57.134853,65.605933"
d828f7b0-8d49-4d4b-9406-cab319ad49d1;"57.132328,65.602699"
36f0f646-0c82-4062-99a1-d5323afa116e;"57.136704,65.606795"
b6873c17-27b5-4971-8420-da92da3adf7e;"57.136396,65.60657"
119220dd-c1ea-44d3-bb0a-7d8f76bbcb14;"57.129475,65.596545"
17bb204a-1f5f-4807-b347-d2b3dfe6f438;"57.13031,65.595566"
f5f1505b-8b6e-413a-9b21-04c0c6d02a21;"57.11467,65.581229"
1a018345-7c35-4485-bf3f-386d1df2935f;"57.169443,65.492466"
5c3a9821-9cd1-4c8c-a600-9fbb126cb12d;"57.174894,65.560702"
dcd1f7f9-4e76-4c6e-8fe6-b05afe43eefa;"57.133764,65.568832"
b5f743c7-5c4f-4778-89c0-0c86fbc29640;"57.176109,65.562625"
0d0b4125-805c-4f70-b2f0-d53ce66cac9a;"57.18028,65.562247"
839df9f8-6a4a-45c2-aa8c-88d7ee7993fa;"57.177119,65.565562"
862054ce-d954-4655-b988-d6f4c0273a8e;"57.138585,65.574995"
f755e5bb-b5e0-453f-a6d4-80fe86bbf222;"57.160551,65.526252"
f9a1d4d8-b3d6-4bc1-8468-c433595abec9;"57.123632,65.593877"
43d8c590-ca43-43fd-b65f-17cb568285c9;"57.157617,65.530995"
55c6f1ab-f754-47ac-b27f-4e080ffc773c;"57.150612,65.547308"
8f632ccc-786e-4328-89c7-b955a39b3e6d;"57.150016,65.548162"
6503a814-81ca-4d4a-907a-8f6eb68b83ec;"57.149416,65.548647"
28b976bc-5661-4e42-9ca7-3d4347c22136;"57.149103,65.547264"
54f3a075-77a3-4892-83c5-ea634c74a34f;"57.146891,65.55321"
6b2e4790-bb38-4ee3-bb2f-b3d598c40a3f;"57.14651,65.554172"
db55254a-dcd6-4f7b-83f7-d9a279e4c5fd;"57.141827,65.561385"
6d9d9413-e6d0-4ca5-b431-9f6e0a2a13ac;"57.140128,65.566443"
01a9ff47-1efb-4be4-8b30-22bf424bc5bd;"57.140812,65.565697"
e8ce1b83-e593-4bc8-ba00-becfede25e08;"57.139879,65.566901"
e8a0f1ef-0ab2-48e9-9604-4c980fcb9de5;"57.138062,65.570368"
077abc71-9333-4b6a-8e2e-06cfa46997e8;"57.138003,65.574168"
e335d8ec-80f4-49f6-b9d2-2a0f8af6e60b;"57.134208,65.578588"
f52be4d5-f321-494c-8b41-2f07d6e7baf3;"57.12563,65.59288"
717ff85b-63d3-4ff3-81ae-77cbf8d9cc62;"57.124389,65.602016"
89e6a184-4e5e-462d-92f9-6df167bef2c9;"57.123509,65.607002"
b28b6468-e550-4332-93e2-28faca41a7ae;"57.11747,65.618087"
cd71afc5-8031-4d1f-9b82-1bd2e3dfa674;"57.108174,65.643653"
0d37c251-8746-4395-af14-bf33d4c77055;"57.106629,65.64809"
d49976fd-1991-4c33-9777-9fb8a75a6560;"57.158657,65.551989"
1a65c503-306c-4cf6-8a2e-0df3159f03ea;"57.158511,65.552519"
90d4217a-e304-42ee-adf6-81952944d35e;"57.158384,65.553049"
3299a696-1220-4ecb-a2e2-529bb8883dc3;"57.158276,65.553678"
2c4e12e8-0653-4b93-b4e2-0e2aa34336a9;"57.082469,65.60454"
a596aeda-e886-4fd0-8246-de2f4d8343f9;"57.213171,65.387058"
c34c1475-337b-4fbd-8778-ba90dd74906b;"57.172318,65.402886"
9acc9e4a-0a41-45ee-ac60-f05cdccf2f31;"57.08352,65.586637"
4be368ce-0876-4e31-b2b7-f7eb27982eb7;"57.194625,65.427608"
de0011fb-23db-441c-b5a7-f94bffefff51;"57.200257,65.423036"
d70af82f-b70e-43e3-9eae-fd178515b69c;"57.079176,65.546284"
f715c79b-94ea-44f3-84a0-229d05378956;"57.073169,65.563532"
488b3c9f-d439-4877-b48c-962fa6052ab8;"57.11854,65.424024"
9a32fb62-abd1-41f1-a277-b777ee4703a8;"57.118921,65.41266"
53f8ca0e-cbd4-449d-b893-220e8d9c4371;"57.225106,65.577465"
1c8ac76d-7d69-4b86-97bd-021875b9f44c;"57.210958,65.576378"
c930bbeb-eef7-4ed5-8ac6-e616082d857b;"57.213234,65.581956"
d54b9866-0eec-4aca-9e94-759a0d31f04a;"57.224482,65.587894"
270df83b-d780-4ce1-86e5-0d9a861623f8;"57.243485,65.46116"
099399be-efa1-4b40-a995-4c9a1d56f21c;"57.245394,65.514143"
faf4a0eb-c0c8-40a7-a0f9-2d7cfee71917;"57.243081,65.510936"
41c54e83-d604-406f-8a00-6dee2f1bebb1;"57.2401,65.526252"
9a81072e-4bfd-4958-b719-fe1e450c4d91;"57.227157,65.493005"
107fb920-73cb-42f4-8a04-66c34bdc3a43;"57.250327,65.381291"
1f74b9b3-c9b6-4e36-aa44-7a1aa16da235;"57.084963,65.26937"
180e29e2-79af-43ea-8b61-150684ccc6b6;"57.083755,65.233814"
5df3f61d-f22c-46ac-8cc0-1ca97607d159;"57.083814,65.31098"
206895c0-926b-4b4c-8542-3d997b5c5be3;"57.087775,65.35586"
1080f363-14a7-4655-b147-2de2fb7d1371;"57.083535,65.445448"
59ef0f6d-fec4-4003-924b-20019c31e8d2;"57.108844,65.432423"
a16551b0-09e6-4a88-b48d-cadd429b15f4;"57.116888,65.467376"
247d977e-80ab-42b9-952d-0b74ef7b051c;"57.11532,65.44809"
98e9d3da-5f2a-49aa-a5e5-bd8b83ce4900;"57.083065,65.163315"
5b325913-3279-4b72-956d-334edb5bb90c;"57.216558,65.361959"
8e166a13-2fc2-4c25-9a1e-760c0a564468;"57.223693,65.269963"
0afbec34-1914-4e7d-bc60-397a42acac7b;"57.258725,65.129583"
04e9405e-fab8-4b8c-9234-e0a953ccc500;"57.271181,65.087398"
ea5fa301-1486-4237-a06e-7128f588ffe5;"57.247693,65.274248"
0f0421e8-b76c-46e1-b7c0-63bc095b63e4;"57.124228,65.22617"
27b9cd73-5bae-478b-a04c-801ab4d34400;"57.104742,65.554333"
eb30c1b2-979b-4a2a-b934-7f64eb472be7;"57.105744,65.723091"
fd47aa5f-aab5-4e3c-aa99-d61afec8c42a;"57.209988,65.598737"
08863f9b-f224-4d97-afb4-67af401fc3a5;"57.111063,65.431048"
83ba5de4-f772-487e-9685-802528c0b20f;"57.091262,65.543194"
55363485-f104-43c8-adc5-64a595a19c25;"57.217635,65.549887"
a2a7a317-09e5-4e7d-a09d-c429758ce131;"57.249373,65.431561"